{"mean":{"confidence_interval":{"confidence_level":0.95,"lower_bound":0.13147611209996138,"upper_bound":0.25076384097687615},"point_estimate":0.1879193809273636,"standard_error":0.03157526280129113},"median":{"confidence_interval":{"confidence_level":0.95,"lower_bound":0.055392700683417395,"upper_bound":0.11711883718474914},"point_estimate":0.07754961705117425,"standard_error":0.015923778122681927}}