{"mean":{"confidence_interval":{"confidence_level":0.95,"lower_bound":-0.10438369740472207,"upper_bound":-0.0446005300781115},"point_estimate":-0.07563285163734879,"standard_error":0.015272550792397942},"median":{"confidence_interval":{"confidence_level":0.95,"lower_bound":-0.058180621151724066,"upper_bound":-0.016190007369171977},"point_estimate":-0.030909178185305586,"standard_error":0.01074241753614722}}