{"mean":{"confidence_interval":{"confidence_level":0.95,"lower_bound":0.006472787711054353,"upper_bound":0.04381250613820316},"point_estimate":0.025521411605843758,"standard_error":0.009509048526228062},"median":{"confidence_interval":{"confidence_level":0.95,"lower_bound":-0.005341122116314138,"upper_bound":0.015066636454009519},"point_estimate":0.003720186353179944,"standard_error":0.004993352044128545}}